,index,City,Country,Date,Latitude,Longitude,Temperature(F),Humidity(%),Cloudiness(%),WindSpeed(mph)
0,0,dali,CN,1547400090,25.6,100.24,36.55,100,0,2.15
1,1,carnarvon,ZA,1547400090,-30.97,22.13,75.74,26,0,9.42
2,2,bengkulu,,,,,,,,
3,3,bluff,AU,1547400091,-23.58,149.07,70.75,71,0,10.65
4,4,fort nelson,CA,1547395920,58.81,-122.69,-9.41,83,90,4.7
5,5,ushuaia,AR,1547398800,-54.81,-68.31,54.73,57,75,39.15
6,6,albany,US,1547398320,42.65,-73.75,14.92,46,20,5.82
7,7,longyearbyen,NO,1547398200,78.22,15.63,15.8,72,75,17.22
8,8,punta arenas,CL,1547398800,-53.16,-70.91,50,81,75,19.46
9,9,hermanus,ZA,1547400091,-34.42,19.24,67.19,58,8,6.4
10,10,kapaa,US,1547398560,22.08,-159.32,69.57,84,90,6.93
11,11,marawi,PH,1547400092,8,124.29,69.53,99,76,2.26
12,12,ellensburg,US,1547398860,47,-120.55,27.14,88,90,2.37
13,13,riyadh,SA,1547398800,24.63,46.72,68,18,44,10.29
14,14,rulenge,TZ,1547400093,-2.72,30.63,69.8,78,68,3.04
15,15,moscow,RU,1547398800,55.75,37.62,25.16,86,75,6.71
16,16,calabozo,VE,1547400093,8.92,-67.43,92.8,35,0,15.01
17,17,trelew,AR,1547400093,-43.25,-65.31,80.83,29,0,6.4
18,18,tizimin,MX,1547397840,21.14,-88.15,80.6,61,75,6.93
19,19,torbay,CA,1547395200,47.66,-52.73,26.6,73,40,28.86
20,20,college,US,1547398680,64.86,-147.8,-12.28,76,1,3.04
21,21,maceio,BR,1547398800,-9.67,-35.74,86,55,40,13.87
22,22,airai,TL,1547400094,-8.93,125.41,70.07,89,56,1.14
23,23,taolanaro,,,,,,,,
24,24,laredo,US,1547398560,27.51,-99.51,51.82,54,1,9.17
25,25,suchdol nad luznici,CZ,1547400095,48.89,14.88,34.25,94,92,18.7
26,26,gidole,ET,1547400095,5.65,37.37,65.48,22,0,4.61
27,27,touros,BR,1547398800,-5.2,-35.46,89.6,59,40,16.11
28,28,ust-kuyga,RU,1547400096,70,135.55,-36.13,0,44,3.38
29,29,atuona,PF,1547399818,-9.8,-139.03,80.6,100,44,18.14
30,30,cabo san lucas,MX,1547397600,22.89,-109.91,73.27,50,5,3.36
31,31,husavik,CA,1547400096,50.56,-96.99,17.38,87,56,7.74
32,32,sola,FI,1547398200,62.78,29.36,12.2,92,90,5.82
33,33,yurimaguas,PE,1547398800,-5.9,-76.1,86,74,40,6.93
34,34,buinsk,RU,1547400097,54.97,48.29,11.39,81,80,7.96
35,35,norman wells,CA,1547395200,65.28,-126.83,-29.21,73,40,9.17
36,36,busselton,AU,1547400098,-33.64,115.35,61.66,100,0,18.81
37,37,chokurdakh,RU,1547400098,70.62,147.9,-23.4,35,24,2.59
38,38,klaksvik,FO,1547398200,62.23,-6.59,30.2,74,64,16.11
39,39,gat,SN,1547398800,14.69,-16.54,87.8,33,0,10.29
40,40,castro,CL,1547398800,-42.48,-73.76,62.6,59,0,6.93
41,41,bud,NO,1547398200,62.91,6.91,29.59,80,90,13.87
42,42,rikitea,PF,1547399832,-23.12,-134.97,79.52,98,36,12.66
43,43,lavrentiya,RU,1547400099,65.58,-170.99,-5.4,97,48,32.01
44,44,karpenision,,,,,,,,
45,45,puerto ayora,EC,1547398800,-0.74,-90.35,80.6,74,75,12.75
46,46,tsihombe,,,,,,,,
47,47,solnechnyy,RU,1547400100,50.72,136.64,-19.03,27,20,2.59
48,48,victoria,BN,1547398800,5.28,115.24,81.59,88,75,4.7
49,49,georgetown,GY,1547398800,6.8,-58.16,85.15,70,40,13.87
50,50,billings,US,1547398380,45.79,-108.5,28.94,57,20,16.11
51,51,mgandu,TZ,1547400101,-5.96,34.11,66.88,87,36,2.04
52,52,kahului,US,1547398560,20.89,-156.47,68.88,84,40,5.06
53,53,umzimvubu,,,,,,,,
54,54,koshki,RU,1547400102,54.2,50.47,15.17,85,64,8.63
55,55,norrkoping,SE,1547398200,58.59,16.18,30.22,100,88,1.12
56,56,darhan,MN,1547400102,49.49,105.92,-6.43,67,44,3.83
57,57,kodiak,US,1547398500,39.95,-94.76,30.2,88,90,8.05
58,58,nanortalik,GL,1547400103,60.14,-45.24,28,96,20,11.99
59,59,pangnirtung,CA,1547400103,66.15,-65.72,-24.34,36,48,4.05
60,60,marand,IR,1547398800,38.43,45.77,37.4,59,90,6.93
61,61,langham,CA,1547395200,52.36,-106.96,6.8,84,75,6.93
62,62,hithadhoo,MV,1547399994,-0.6,73.08,83.39,100,88,7.52
63,63,tautira,PF,1547398800,-17.73,-149.15,78.8,88,75,6.93
64,64,richards bay,ZA,1547400104,-28.77,32.06,77.36,79,32,9.42
65,65,berea,US,1547398560,41.37,-81.85,29.55,63,40,11.41
66,66,qaanaaq,GL,1547399802,77.48,-69.36,-25.96,78,0,9.98
67,67,naryan-mar,RU,1547400105,67.67,53.09,14.95,85,88,15.23
68,68,hami,CN,1547400105,42.84,93.51,5.36,56,20,7.74
69,69,meadow lake,CA,1547395200,54.13,-108.44,19.4,92,75,6.17
70,70,mataura,NZ,1547399060,-46.19,168.86,50.05,88,100,6.96
71,71,ilulissat,GL,1547398200,69.22,-51.1,-5.81,58,75,9.17
72,72,chuy,UY,1547400106,-33.69,-53.46,71.87,100,92,15.01
73,73,cape town,ZA,1547398800,-33.93,18.42,69.8,64,40,11.41
74,74,fortuna,ES,1547397000,38.18,-1.13,58.51,54,0,6.93
75,75,kungurtug,RU,1547400106,50.6,97.53,-21.73,51,0,4.16
76,76,vrangel,RU,1547400107,42.73,133.08,30.29,100,44,5.61
77,77,yelkhovka,RU,1547398800,53.87,50.29,19.4,79,75,8.95
78,78,thompson,CA,1547397540,55.74,-97.86,19.4,79,90,9.17
79,79,tumannyy,,,,,,,,
80,80,severo-kurilsk,RU,1547400108,50.68,156.12,24.31,100,64,2.59
81,81,parrita,CR,1547398800,9.52,-84.33,75.78,56,20,18.34
82,82,makakilo city,US,1547398620,21.35,-158.09,69.94,73,90,3.36
83,83,jamestown,AU,1547400109,-33.21,138.6,57.47,83,0,3.49
84,84,ust-bolsheretsk,,,,,,,,
85,85,sentyabrskiy,,,,,,,,
86,86,usogorsk,RU,1547400109,63.43,48.71,20.21,84,88,7.74
87,87,barentu,ER,1547400110,15.11,37.59,64.67,49,0,3.04
88,88,hobart,AU,1547398800,-42.88,147.33,57.2,82,0,9.17
89,89,barra patuca,HN,1547400110,15.8,-84.28,80.15,88,92,10.31
90,90,dingle,PH,1547399870,11,122.67,76.28,78,24,14.23
91,91,khormuj,,,,,,,,
92,92,bababe,,,,,,,,
93,93,abu samrah,SY,1547400111,35.3,37.18,43.21,93,92,3.94
94,94,trincomalee,LK,1547400111,8.58,81.23,76.28,91,100,7.4
95,95,vaini,IN,1547399995,15.34,74.49,63.32,77,0,3.38
96,96,lebu,ET,1547395200,8.96,38.73,64.4,16,0,9.17
97,97,barentsburg,,,,,,,,
98,98,borovoy,RU,1547400112,63.23,52.89,14.81,79,76,10.98
99,99,hasaki,JP,1547398800,35.73,140.83,30.96,86,20,6.93
100,100,kamina,CD,1547400112,-8.74,25,66.74,96,68,4.5
101,101,santiago,CL,1547398800,-33.44,-70.65,76.1,47,40,6.93
102,102,ust-ishim,RU,1547400113,57.69,71.17,23,85,92,13.33
103,103,wejherowo,PL,1547398800,54.61,18.25,37.4,100,75,14.99
104,104,nizhneyansk,,,,,,,,
105,105,pevek,RU,1547399998,69.7,170.27,-28.84,93,0,4.16
106,106,las tunas,CU,1547398200,20.96,-76.96,84.2,58,75,13.87
107,107,chumikan,RU,1547400114,54.72,135.31,-14.76,44,0,3.6
108,108,gaoual,GN,1547400114,11.75,-13.2,88.79,40,0,4.61
109,109,tuatapere,NZ,1547399832,-46.13,167.69,49.46,100,88,8.3
110,110,sechura,PE,1547400114,-5.56,-80.82,81.77,65,0,9.98
111,111,verkhnyaya sysert,RU,1547398800,56.44,60.75,24.8,92,75,6.71
112,112,avarua,CK,1547398800,-21.21,-159.78,78.8,83,40,5.82
113,113,bocaranga,,,,,,,,
114,114,zhigansk,RU,1547400115,66.77,123.37,-19.71,29,48,5.17
115,115,nakusp,CA,1547400115,50.24,-117.8,15.26,78,0,1.92
116,116,port elizabeth,US,1547398560,39.31,-74.98,30.29,88,90,13.87
117,117,matara,PE,1547398800,-13.74,-72.9,57.2,47,75,10.29
118,118,poronaysk,RU,1547400116,49.22,143.1,-6.66,87,24,2.71
119,119,san cristobal,EC,1547398800,-0.39,-78.55,64.2,52,75,4.7
120,120,sorland,NO,1547398200,67.67,12.69,25.11,100,75,22.06
121,121,tasiilaq,GL,1547398200,65.61,-37.64,17.6,78,80,6.93
122,122,luderitz,NA,1547400117,-26.65,15.16,66.2,80,0,14.67
123,123,tuktoyaktuk,CA,1547395200,69.44,-133.03,-29.21,66,40,12.75
124,124,ishigaki,JP,1547400117,24.34,124.16,68.68,100,24,17.69
125,125,ust-nera,RU,1547400118,64.57,143.24,-50.98,0,24,0.92
126,126,cidreira,BR,1547400118,-30.17,-50.22,84.65,83,0,11.43
127,127,ixtapa,MX,1547397960,20.71,-105.21,78.8,69,5,3.36
128,128,hilo,US,1547398380,19.71,-155.08,69.08,78,90,5.82
129,129,agadez,NE,1547395200,16.97,7.99,80.6,10,0,13.87
130,130,romitan,UZ,1547398800,39.93,64.38,42.8,52,40,11.41
131,131,venado tuerto,AR,1547400119,-33.75,-61.97,74.39,100,68,8.63
132,132,cubuk,TR,1547398200,40.24,33.03,37.15,98,75,3.36
133,133,lodwar,KE,1547400119,3.12,35.6,76.51,33,0,7.96
134,134,slavonice,AT,1547397780,49,15.35,35.6,95,90,14.99
135,135,yellowknife,CA,1547395200,62.45,-114.38,-31.01,66,20,6.93
136,136,butaritari,KI,1547399989,3.07,172.79,81.86,100,64,15.12
137,137,beyneu,KZ,1547400120,45.32,55.19,29.26,98,80,3.6
138,138,la ronge,CA,1547395200,55.1,-105.3,12.2,92,75,3.36
139,139,upernavik,GL,1547400109,72.79,-56.15,-11.47,100,36,8.19
140,140,bad hofgastein,AT,1547398200,47.17,13.11,35.6,93,75,10.29
141,141,kyshtovka,RU,1547400020,56.56,76.62,9.73,76,48,15.79
142,142,attawapiskat,,,,,,,,
143,143,santa maria da vitoria,BR,1547400121,-13.39,-44.19,89.87,43,32,7.18
144,144,saldanha,PT,1547400108,41.42,-6.55,35.56,94,0,2.71
145,145,goderich,CA,1547400107,43.74,-81.71,21.43,82,0,9.42
146,146,samarai,PG,1547400073,-10.62,150.67,81.05,100,92,12.44
147,147,tiznit,MA,1547400122,29.7,-9.73,60.89,63,0,3.94
148,148,bara,NG,1547395200,10.41,10.6,89.6,8,0,12.75
149,149,dieppe bay,,,,,,,,
150,150,lugovoy,RU,1547400123,59.72,65.88,26.15,81,64,12.21
151,151,sorong,ID,1547400123,-0.86,131.25,78.53,100,68,4.72
152,152,cherskiy,RU,1547400123,68.75,161.3,-29.2,48,12,3.04
153,153,bredasdorp,ZA,1547399831,-34.53,20.04,66.92,91,56,18.92
154,154,clyde river,CA,1547398800,70.47,-68.59,-32.81,73,20,5.82
155,155,jambi,ID,1547400124,-1.6,103.62,73,97,56,4.72
156,156,vaitupu,,,,,,,,
157,157,port alfred,ZA,1547400124,-33.59,26.89,70.48,79,0,12.77
158,158,nikolskoye,RU,1547398800,59.7,30.79,23,92,75,6.71
159,159,ribeira grande,PT,1547397000,38.52,-28.7,62.6,72,75,11.41
160,160,sovetskiy,RU,1547400125,56.76,48.47,11.3,81,88,11.1
161,161,guerrero negro,MX,1547400075,27.97,-114.04,61.43,83,64,4.61
162,162,narsaq,GL,1547398200,60.91,-46.05,32,94,75,3.36
163,163,sao filipe,CV,1547399928,14.9,-24.5,73.9,90,36,12.44
164,164,waingapu,ID,1547400126,-9.65,120.26,73.18,100,68,3.6
165,165,san quintin,PH,1547400126,17.54,120.52,63.32,81,0,3.6
166,166,new norfolk,AU,1547397000,-42.78,147.06,57.2,82,0,8.05
167,167,skeldon,GY,1547400126,5.88,-57.13,80.06,93,8,9.64
168,168,mangan,IN,1547400127,27.5,88.54,7.66,53,0,1.14
169,169,fallon,US,1547398560,46.84,-105.12,26.96,81,1,3.36
170,170,karibib,NA,1547400127,-21.94,15.86,75.16,44,0,8.19
171,171,bintulu,MY,1547398800,3.17,113.03,77,100,75,4.7
172,172,sal rei,CV,1547398800,16.18,-22.92,76.21,64,0,12.75
173,173,montego bay,JM,1547398800,18.47,-77.92,84.2,66,20,17.22
174,174,nouadhibou,MR,1547395200,20.93,-17.03,78.8,39,0,8.05
175,175,garowe,SO,1547400128,8.41,48.48,72.91,44,0,12.55
176,176,biak,ID,1547400104,-0.91,122.88,77.68,100,76,2.82
177,177,kapit,MY,1547400129,2.02,112.94,70.03,98,92,1.92
178,178,laguna,MX,1547397840,27.52,-110.01,68,42,5,5.82
179,179,beringovskiy,RU,1547400098,63.05,179.32,-9.45,85,24,28.88
180,180,praia da vitoria,PT,1547395200,38.73,-27.07,60.8,82,75,19.82
181,181,cabedelo,BR,1547398800,-6.97,-34.84,86,58,40,12.75
182,182,bathsheba,BB,1547398800,13.22,-59.52,82.4,58,20,16.11
183,183,mogoytuy,RU,1547400130,51.28,114.93,-1.57,54,0,17.69
184,184,mys shmidta,,,,,,,,
185,185,kavaratti,IN,1547400130,10.57,72.64,82.13,100,0,9.42
186,186,coquimbo,CL,1547398800,-29.95,-71.34,69.8,56,0,14.99
187,187,alice springs,AU,1547398800,-23.7,133.88,82.4,24,88,4.7
188,188,warwick,US,1547398560,41.7,-71.42,23.76,45,75,10.29
189,189,inderborskiy,,,,,,,,
190,190,lata,IN,1547400131,30.78,78.62,26.65,100,0,2.04
191,191,garissa,KE,1547400131,-0.46,39.64,87.8,38,44,6.06
192,192,meiningen,DE,1547398200,50.57,10.42,44.6,93,75,25.28
193,193,inuvik,CA,1547398800,68.36,-133.71,-24.8,67,40,6.93
194,194,kirs,RU,1547400132,59.34,52.24,12.61,76,68,11.99
195,195,buchanan,LR,1547398800,5.88,-10.05,87.8,62,20,6.93
196,196,shimoda,JP,1547400133,34.7,138.93,48.29,100,0,17.47
197,197,camacha,PT,1547397000,33.08,-16.33,65.44,68,40,16.11
198,198,zhengjiatun,CN,1547400133,43.51,123.51,1.58,50,12,3.04
199,199,skibbereen,IE,1547398800,51.55,-9.27,50,87,40,17.22
200,200,vostok,RU,1547400134,46.45,135.83,-9.13,64,0,2.48
201,201,waddan,LY,1547400134,29.16,16.14,41.86,47,0,5.95
202,202,hearst,CA,1547400134,49.69,-83.67,16.16,67,64,8.19
203,203,aguimes,ES,1547398800,27.91,-15.45,69.8,43,0,6.93
204,204,soubre,CI,1547400134,5.79,-6.61,87.26,57,44,2.71
205,205,kimbe,PG,1547400135,-5.56,150.15,77.99,100,76,2.93
206,206,codrington,AU,1547398980,-28.95,153.24,63.86,87,92,3.27
207,207,paka,HR,1547397000,45.29,18.06,35.6,80,0,8.05
208,208,souillac,FR,1547397000,45.6,-0.6,50,93,90,12.75
209,209,pitimbu,BR,1547398800,-7.47,-34.81,86,58,40,12.75
210,210,ucluelet,CA,1547398800,48.94,-125.55,42.8,100,40,1.92
211,211,kloulklubed,PW,1547398200,7.04,134.26,77,88,75,4.7
212,212,orje,NO,1547398200,59.48,11.66,28.4,86,0,5.82
213,213,saint-francois,FR,1547397000,46.42,3.91,48.2,87,90,10.29
214,214,ulaanbaatar,MN,1547398800,47.92,106.92,-4.01,64,0,2.24
215,215,amderma,,,,,,,,
216,216,las choapas,MX,1547398440,17.91,-94.09,73.4,88,90,12.88
217,217,mar del plata,AR,1547400137,-46.43,-67.52,77.9,27,0,5.39
218,218,zhuhai,CN,1547398800,40.71,112.04,6.8,65,0,6.71
219,219,kedrovyy,RU,1547398800,56.17,91.82,-22.01,74,0,7.29
220,220,pointe michel,DM,1547398800,15.25,-61.38,79.75,69,75,3.36
221,221,geraldton,CA,1547398800,49.72,-86.95,21.2,79,90,12.75
222,222,hamilton,BM,1547398500,32.3,-64.78,66.2,59,75,8.05
223,223,tukrah,,,,,,,,
224,224,eyemouth,GB,1547398200,55.87,-2.09,46.4,65,0,21.92
225,225,bambous virieux,MU,1547398800,-20.34,57.76,80.6,74,75,9.17
226,226,yar-sale,RU,1547400139,66.83,70.83,7.52,83,56,16.24
227,227,yenagoa,NG,1547400139,4.92,6.26,83.93,63,44,7.18
228,228,marquette,US,1547398560,46.54,-87.4,15.22,92,40,3.36
229,229,khatanga,RU,1547400115,71.98,102.47,-40.45,0,12,4.83
230,230,ayagoz,KZ,1547400140,47.96,80.43,-8.32,60,0,3.38
231,231,madimba,CM,1547395200,4.42,9.93,87.8,74,75,5.82
232,232,samusu,,,,,,,,
233,233,dzhusaly,,,,,,,,
234,234,altay,CN,1547400140,47.83,88.13,-12.28,32,0,1.92
235,235,luena,AO,1547400141,-11.78,19.91,65.98,91,76,5.73
236,236,esso,RU,1547400141,55.93,158.7,-10.12,62,0,1.92
237,237,kaliua,TZ,1547400162,-5.06,31.79,69.26,89,8,2.37
238,238,meulaboh,ID,1547400162,4.14,96.13,77.18,100,48,3.71
239,239,olafsvik,,,,,,,,
240,240,vanimo,PG,1547400163,-2.67,141.3,82.63,100,64,18.25
241,241,tura,IN,1547400163,25.52,90.21,50.27,77,0,2.71
242,242,padang,ID,1547395200,-0.92,100.36,77,94,75,2.24
243,243,santa cruz,US,1547398800,36.97,-122.03,48.34,66,1,8.05
244,244,ouadda,CF,1547400165,8.07,22.4,81.14,68,20,2.82
245,245,bethel,US,1547398560,60.79,-161.76,12.72,91,90,25.28
246,246,buala,SB,1547400165,-8.15,159.59,82,88,36,9.86
247,247,phan rang,,,,,,,,
248,248,kavieng,PG,1547400088,-2.57,150.8,83.53,100,68,12.77
249,249,oranjemund,ZA,1547399811,-28.55,16.43,65.57,92,0,12.33
250,250,necochea,AR,1547400124,-38.55,-58.74,68.27,100,92,11.54
251,251,noumea,NC,1547398800,-22.28,166.46,73.4,88,90,8.05
252,252,kirkkonummi,FI,1547398200,60.12,24.44,32,100,75,12.75
253,253,palmer,AU,1547398800,-34.85,139.16,64.4,52,0,6.96
254,254,hermiston,US,1547398800,45.84,-119.29,32.65,92,90,4.27
255,255,cam pha,,,,,,,,
256,256,clarence town,AU,1547399340,-32.59,151.78,71.6,94,75,4.7
257,257,santiago de compostela,ES,1547397000,42.88,-8.55,50.99,81,20,10.29
258,258,awjilah,LY,1547400168,29.14,21.3,54.5,58,12,11.99
259,259,bozhou,CN,1547400168,33.86,115.78,26.38,75,0,3.04
260,260,grindavik,IS,1547398800,63.84,-22.43,27.46,74,75,2.93
261,261,galesong,ID,1547398800,-5.32,119.37,77,100,40,3.36
262,262,xining,CN,1547400169,36.62,101.77,-1.26,59,8,2.04
263,263,yulara,AU,1547398800,-25.24,130.99,89.6,15,0,9.17
264,264,sitka,US,1547400169,37.17,-99.65,31.33,91,64,4.94
265,265,talnakh,RU,1547400170,69.49,88.39,-9.67,68,80,25.75
266,266,muravlenko,RU,1547400170,63.79,74.5,14.09,84,76,18.59
267,267,bandarbeyla,SO,1547400117,9.49,50.81,76.51,100,0,16.35
268,268,borodino,RU,1547400170,55.9,94.89,-25.11,0,0,3.04
269,269,katsuura,JP,1547398800,33.93,134.5,37.4,86,20,8.05
270,270,pochutla,MX,1547397900,15.74,-96.47,82.4,65,40,4.16
271,271,caravelas,BR,1547399811,-17.73,-39.27,79.3,100,36,9.08
272,272,saint-philippe,CA,1547398500,45.36,-73.48,8.17,71,90,3.6
273,273,birao,CF,1547400171,10.3,22.78,81.32,23,12,7.52
274,274,ketou,BJ,1547400172,7.36,2.6,92.48,39,12,4.61
275,275,constitucion,MX,1547398020,23.99,-104.67,57.2,30,5,4.7
276,276,santa lucia,IT,1547394900,39.93,9.66,59,62,40,4.7
277,277,walvis bay,NA,1547398800,-22.95,14.51,73.4,64,68,20.8
278,278,aswan,EG,1547400173,24.09,32.9,55.45,52,80,8.08
279,279,burnie,AU,1547400174,-41.05,145.91,63.95,97,8,21.39
280,280,okha,RU,1547400174,53.59,142.95,3.7,83,12,11.32
281,281,yoichi,JP,1547400174,43.19,140.77,24.31,100,80,2.93
282,282,traralgon,AU,1547400175,-38.19,146.54,68.68,71,0,5.39
283,283,biltine,TD,1547400175,14.53,20.93,77.95,22,8,9.42
284,284,mackenzie,CA,1547397180,55.34,-123.09,32,90,20,4.7
285,285,arman,RU,1547400175,59.7,150.17,2.21,65,76,3.71
286,286,saint george,GR,1547398200,39.45,22.34,33.8,80,0,8.05
287,287,sidi ali,DZ,1547400176,36.1,0.42,42.31,88,0,2.48
288,288,sosnovo-ozerskoye,RU,1547400176,52.53,111.54,-13.99,38,0,12.77
289,289,beihai,CN,1547398800,38.95,121.19,26.6,79,0,2.24
290,290,ortakoy,TR,1547398200,38.74,34.04,33.8,86,75,6.93
291,291,pringsewu,ID,1547400177,-5.36,104.98,73.85,96,64,1.92
292,292,north bend,US,1547398560,43.41,-124.22,42.98,85,1,6.93
293,293,poum,MK,1547398800,41.28,20.71,23,79,0,3.36
294,294,mount gambier,AU,1547397000,-37.83,140.78,55.4,93,40,2.37
295,295,alenquer,BR,1547398800,-1.95,-54.74,86,74,20,8.05
296,296,ostrovnoy,RU,1547399821,68.05,39.51,17.65,92,48,8.63
297,297,namatanai,PG,1547400178,-3.66,152.44,78.53,100,48,9.53
298,298,keffi,NG,1547395200,8.85,7.88,93.2,26,12,10.29
299,299,alekseyevsk,RU,1547400179,57.84,108.35,-10.26,34,32,5.5
300,300,pangai,TO,1547398800,-19.8,-174.35,78.8,83,20,10.29
301,301,collipulli,CL,1547398800,-37.96,-72.44,68,56,0,5.82
302,302,yerbogachen,RU,1547400180,61.28,108.01,-23.26,34,12,7.74
303,303,meyungs,,,,,,,,
304,304,villarrobledo,ES,1547400180,39.27,-2.6,37.76,84,0,7.74
305,305,vanavara,RU,1547400180,60.35,102.28,-23.13,34,20,5.84
306,306,port lincoln,AU,1547400181,-34.72,135.86,63.91,96,0,11.21
307,307,ponta do sol,BR,1547400181,-20.63,-46,83.8,76,12,4.5
308,308,matay,EG,1547400069,28.42,30.79,53.42,51,0,11.77
309,309,honiara,SB,1547400181,-9.43,159.96,73.04,100,56,2.59
310,310,oriximina,BR,1547400182,-1.77,-55.87,83.48,77,48,3.49
311,311,zeya,RU,1547400182,53.74,127.27,-6.03,68,64,2.04
312,312,shar,NG,1547400182,7.3,8.73,84.56,58,8,2.82
313,313,preobrazheniye,RU,1547400182,42.9,133.91,-4.05,63,0,1.92
314,314,belushya guba,,,,,,,,
315,315,hovd,NO,1547398200,63.83,10.7,30.2,92,75,18.34
316,316,illoqqortoormiut,,,,,,,,
317,317,tres arroyos,AR,1547400183,-38.38,-60.28,70.66,100,92,10.76
318,318,barrow,AR,1547400183,-38.31,-60.23,70.66,100,92,10.76
319,319,tupik,RU,1547400184,54.43,119.94,-13,74,64,2.82
320,320,hirara,JP,1547400107,24.8,125.28,68.9,100,32,15.01
321,321,pacific grove,US,1547398800,36.62,-121.92,48.81,66,1,8.05
322,322,victor harbor,AU,1547398800,-35.55,138.62,64.4,52,0,3.04
323,323,kruisfontein,ZA,1547400184,-34,24.73,68,84,44,14.45
324,324,gualeguaychu,AR,1547400185,-33.01,-58.51,70.93,100,100,9.42
325,325,nalut,LY,1547400185,31.86,10.98,41.9,68,0,7.4
326,326,fort-shevchenko,KZ,1547400185,44.51,50.26,35.15,100,88,6.62
327,327,riachao das neves,BR,1547400185,-11.75,-44.91,79.61,92,48,4.27
328,328,boende,CD,1547400186,-0.28,20.88,74.75,91,12,2.15
329,329,mahebourg,MU,1547398800,-20.41,57.7,80.6,74,75,9.17
330,330,burdur,TR,1547398200,37.72,30.29,40.84,81,75,11.41
331,331,thetford mines,CA,1547400186,46.09,-71.3,7.66,52,0,4.16
332,332,fonte boa,BR,1547400186,-2.51,-66.09,85.06,78,56,3.71
333,333,kargil,PK,1547400187,34.56,76.13,-12.96,62,0,0.81
334,334,lemesos,,,,,,,,
335,335,kattivakkam,IN,1547398800,13.22,80.32,75.2,73,20,4.7
336,336,arys,KZ,1547398800,42.43,68.8,30.2,100,36,4.47
337,337,los llanos de aridane,ES,1547398800,28.66,-17.92,73.4,28,0,18.34
338,338,ukiah,US,1547398560,39.15,-123.21,55.04,59,40,3.36
339,339,sambava,MG,1547400188,-14.27,50.17,80.56,100,48,6.73
340,340,salinopolis,BR,1547400188,-0.61,-47.36,81.59,100,8,11.21
341,341,hammerfest,NO,1547398200,70.66,23.68,26.6,92,75,8.05
342,342,songjianghe,CN,1547400189,42.18,127.48,0.01,50,36,1.7
343,343,ust-maya,RU,1547400189,60.42,134.54,-44.86,0,20,2.59
344,344,soyo,AO,1547395200,-6.13,12.37,84.2,70,75,5.82
345,345,comodoro rivadavia,AR,1547398800,-45.87,-67.48,73.4,25,0,13.87
346,346,stoyba,,,,,,,,
347,347,zemio,CF,1547400190,5.02,25.13,78.8,61,32,3.6
348,348,ashtian,IR,1547400190,34.52,50,47.8,64,68,10.76
349,349,parainen,,,,,,,,
350,350,tunduru,,,,,,,,
351,351,saint-augustin,FR,1547397000,44.83,-0.61,51.8,93,90,11.41
352,352,horodnytsya,UA,1547400191,50.81,27.32,34.16,94,92,13.44
353,353,koumac,NC,1547400191,-20.56,164.28,75.92,91,0,7.52
354,354,port hardy,CA,1547395200,50.7,-127.42,41,93,75,4.7
355,355,ous,RU,1547400191,60.91,61.52,18.23,79,0,7.18
356,356,quatre cocos,MU,1547398800,-20.21,57.76,80.6,74,75,9.17
357,357,ahipara,NZ,1547400192,-35.17,173.16,61.97,98,0,11.21
358,358,malwan,,,,,,,,
359,359,aykhal,RU,1547400192,65.95,111.51,-48.37,0,0,2.59
360,360,krasnosilka,UA,1547400192,50.15,27.08,34.3,94,68,12.66
361,361,ahumada,,,,,,,,
362,362,fare,PF,1547400193,-16.7,-151.02,81.91,100,88,13.78
363,363,sehithwa,BW,1547400193,-20.47,22.7,82,63,12,4.38
364,364,saskylakh,RU,1547399811,71.97,114.09,-58.05,0,0,7.52
365,365,kremenchuk,UA,1547400193,49.08,33.43,25.88,91,92,10.98
366,366,nsanje,MZ,1547400194,-16.92,35.26,81.59,67,36,6.85
367,367,tumwater,US,1547399400,47.01,-122.91,33.69,100,90,4.7
368,368,beira,ES,1547397000,43.2,-8.36,50.85,87,75,5.82
369,369,virginia beach,US,1547398920,36.85,-75.98,42.66,96,90,18.34
370,370,jesus carranza,MX,1547398500,31.49,-106.24,45.75,53,40,11.41
371,371,verkhnevilyuysk,RU,1547400195,63.45,120.31,-18.76,55,44,5.73
372,372,linares,CL,1547400195,-35.85,-71.6,68.81,45,48,3.27
373,373,abong mbang,CM,1547400195,3.98,13.18,78.4,59,8,2.15
374,374,samana,EC,1547398800,0.12,-76.97,77.79,78,75,2.24
375,375,tiarei,PF,1547398800,-17.53,-149.33,78.8,88,75,6.93
376,376,yuli,NG,1547400196,10.52,9.86,77.23,23,8,8.19
377,377,te anau,NZ,1547400196,-45.41,167.72,44.83,97,76,1.92
378,378,broome,GB,1547398560,52.47,1.45,50.97,76,40,17.22
379,379,novovoronezh,RU,1547398800,51.31,39.22,26.6,86,90,6.71
380,380,kotido,UG,1547400197,3.01,34.12,70.7,32,0,10.54
381,381,mount isa,AU,1547398800,-20.73,139.49,87.8,20,0,9.17
382,382,mariveles,PH,1547398800,14.48,120.48,76.14,78,20,2.24
383,383,boa vista,BR,1547398800,2.82,-60.67,93.2,36,40,17.22
384,384,aklavik,CA,1547398800,68.22,-135.01,-24.58,67,40,14.99
385,385,ancud,CL,1547398800,-41.87,-73.83,62.6,59,0,6.93
386,386,burns lake,CA,1547400199,54.23,-125.76,24.44,96,76,2.59
387,387,sokoto,NG,1547400199,13.06,5.24,78.4,24,0,6.51
388,388,provideniya,RU,1547400108,64.42,-173.23,-5.17,100,8,22.5
389,389,babanusah,,,,,,,,
390,390,griffith,AU,1547398800,-34.29,146.06,78.57,57,0,10.29
391,391,zhanatas,,,,,,,,
392,392,arkadak,RU,1547400200,51.94,43.49,18.68,91,76,7.96
393,393,northam,GB,1547398200,51.04,-4.21,50.54,87,75,13.87
394,394,alofi,NU,1547398800,-19.06,-169.92,71.6,100,0,2.24
395,395,raahe,FI,1547398200,64.68,24.47,14,92,80,10.29
396,396,esperance,TT,1547398800,10.24,-61.45,86,51,40,14.99
397,397,lagoa,PT,1547397000,37.14,-8.45,60.8,44,0,4.7
398,398,pokhvistnevo,RU,1547400201,53.65,52.12,19.76,91,76,9.86
399,399,lorengau,PG,1547400201,-2.02,147.27,83.98,97,88,17.13
400,400,pauini,BR,1547400202,-7.71,-67,83.12,82,56,4.16
401,401,kushima,JP,1547400202,31.5,131.29,43.43,100,0,5.5
402,402,yate,GB,1547398560,51.54,-2.41,50.45,100,40,17.22
403,403,yumen,CN,1547399999,40.29,97.04,1.18,60,32,6.96
404,404,rocha,UY,1547400203,-34.48,-54.34,74.35,84,100,8.86
405,405,vikhorevka,RU,1547398800,56.12,101.17,-20.21,75,0,2.24
406,406,parry sound,CA,1547400203,45.34,-80.04,10.9,58,0,3.6
407,407,buzmeyin,TM,1547398800,38.05,58.21,44.6,65,20,4.7
408,408,praia,BR,1547395200,-20.25,-43.81,83.48,45,40,6.93
409,409,toora-khem,RU,1547400204,52.47,96.11,-23.89,31,0,2.15
410,410,bubaque,GW,1547400063,11.28,-15.83,86.23,80,0,1.81
411,411,tikhvin,RU,1547400204,59.64,33.53,23.63,87,80,5.06
412,412,gazojak,TM,1547400204,41.19,61.4,36.14,85,0,10.42
413,413,male,UA,1547399915,50.74,33.7,23.68,88,80,13
414,414,east london,ZA,1547398800,-33.02,27.91,71.6,68,20,8.05
415,415,tiksi,RU,1547400205,71.64,128.87,-37.66,0,0,2.15
416,416,nantucket,US,1547398560,41.28,-70.1,26.96,70,90,11.41
417,417,grand river south east,,,,,,,,
418,418,maaseik,NL,1547398500,51.09,5.79,48.4,87,75,14.99
419,419,southbridge,US,1547398560,42.08,-72.03,21.54,46,1,4.7
420,420,abapo,BO,1547400206,-18.83,-63.47,86.95,41,0,6.06
421,421,molina,CL,1547398800,-35.11,-71.28,78.8,34,0,4.7
422,422,bonavista,CA,1547400206,48.65,-53.11,27.91,100,20,23.73
423,423,raudeberg,NO,1547398200,61.99,5.14,30.18,100,75,20.8
424,424,dikson,RU,1547400207,73.51,80.55,1,92,80,31.12
425,425,cardonal,CL,1547398800,-41.46,-72.99,62.6,63,0,13.87
426,426,souris,CA,1547395200,46.36,-62.25,10.4,66,40,9.17
427,427,dolbeau,,,,,,,,
428,428,carutapera,BR,1547400208,-1.2,-46.02,82.85,84,48,8.86
429,429,grand gaube,MU,1547398800,-20.01,57.66,80.6,74,75,9.17
430,430,doba,TD,1547400208,8.66,16.85,82.36,27,12,5.95
431,431,keti bandar,PK,1547400208,24.14,67.45,68.99,100,0,22.84
432,432,viesca,MX,1547397840,25.34,-102.81,60.8,55,5,5.39
433,433,meridian,US,1547398560,32.36,-88.7,48.47,79,90,6.93
434,434,bardiyah,,,,,,,,
435,435,cockburn town,TC,1547400015,21.46,-71.14,79.21,98,64,15.35
436,436,bokoro,,,,,,,,
437,437,arraial do cabo,BR,1547395200,-22.97,-42.02,91.4,41,0,16.11
438,438,emba,CY,1547398800,34.81,32.42,53.1,87,75,5.82
439,439,belyy yar,RU,1547398800,53.6,91.39,-16.61,75,8,2.93
440,440,kaitangata,NZ,1547400019,-46.28,169.85,49.78,89,8,12.44
441,441,mahajanga,MG,1547398800,-15.72,46.32,82.4,83,20,9.17
442,442,veraval,FR,1547397000,49.65,0.71,48.79,81,90,23.04
443,443,champerico,MX,1547397600,16.38,-93.6,78.8,57,40,12.75
444,444,christchurch,NZ,1547398800,-43.53,172.64,51.8,93,92,17.22
445,445,pisco,PE,1547398800,-13.71,-76.2,71.6,30,20,12.75
446,446,ketchikan,US,1547398560,55.34,-131.65,46.99,96,90,5.82
447,447,hambantota,LK,1547400212,6.12,81.12,79.16,100,80,18.25
448,448,sobolevo,RU,1547400212,54.43,31.9,26.78,92,80,15.46
449,449,mapiripan,CO,1547400212,2.89,-72.13,84.11,71,36,6.4
450,450,phanat nikhom,TH,1547398800,13.45,101.18,80.6,88,8,5.82
451,451,leme,BR,1547395200,-22.19,-47.39,89.6,46,40,9.17
452,452,tagusao,PH,1547400213,9.19,117.81,76.96,99,24,4.83
453,453,sorvag,,,,,,,,
454,454,santa isabel do rio negro,BR,1547400213,-0.41,-65.02,81.01,82,56,4.16
455,455,dukat,RS,1547400214,42.44,22.31,19.49,92,64,1.92
456,456,xuanzhou,CN,1547400214,30.95,118.78,32.45,85,8,6.4
457,457,wanaka,NZ,1547400214,-44.7,169.14,39.29,98,0,2.15
458,458,avila,US,1547399160,38.91,-76.61,30.34,92,90,5.82
459,459,sao bento do sul,BR,1547395200,-26.25,-49.38,87.8,74,40,11.41
460,460,requena,ES,1547397000,39.49,-1.1,45.36,41,0,5.82
461,461,havelock,US,1547398920,34.88,-76.9,49.87,96,90,3.36
462,462,pitkyaranta,RU,1547400215,61.57,31.48,17.24,86,76,6.4
463,463,gazli,UZ,1547400215,40.13,63.45,44.6,56,0,18.81
464,464,tessalit,ML,1547400216,20.2,1.01,62.6,22,0,7.96
465,465,faanui,PF,1547400195,-16.48,-151.75,81.32,100,68,14.34
466,466,kachiry,KZ,1547400216,53.07,76.1,7.07,71,20,10.87
467,467,ortigueira,ES,1547397000,43.68,-7.85,51.8,87,75,5.82
468,468,sembe,,,,,,,,
469,469,lovozero,RU,1547400217,68.01,35.02,6.08,76,32,2.59
470,470,harper,US,1547398500,30.3,-99.24,43.81,62,1,6.93
471,471,timmins,CA,1547395200,48.48,-81.33,-4.01,76,40,6.93
472,472,rawson,AR,1547400142,-43.3,-65.11,80.83,29,0,6.4
473,473,yeniseysk,RU,1547400218,58.45,92.17,-16.2,48,12,6.73
474,474,flinders,AU,1547399830,-34.58,150.85,69.08,98,92,1.36
475,475,nome,US,1547399700,30.04,-94.42,49.77,57,1,9.17
476,476,portsmouth,GB,1547398200,50.8,-1.08,49.96,81,75,9.17
477,477,buedu,SL,1547400218,8.28,-10.37,90.46,31,32,2.59
478,478,catamarca,,,,,,,,
479,479,merauke,ID,1547400022,-8.49,140.4,76.73,100,88,6.4
480,480,suzu,,,,,,,,
481,481,sangar,RU,1547400219,63.92,127.47,-30.46,0,32,3.6
482,482,yusva,,,,,,,,
483,483,mormugao,,,,,,,,
484,484,beloha,MG,1547400220,-25.17,45.06,73.22,95,92,3.38
485,485,qaqortoq,GL,1547398200,60.72,-46.03,32,90,75,3.36
486,486,nemuro,JP,1547400058,43.32,145.57,27.41,100,44,14.9
487,487,formoso do araguaia,,,,,,,,
488,488,ust-ilimsk,RU,1547400220,57.96,102.73,-11.88,38,32,5.06
489,489,iqaluit,CA,1547399880,63.75,-68.52,-16.61,75,90,2.24
490,490,marv dasht,,,,,,,,
491,491,moose factory,CA,1547398800,51.26,-80.61,5,77,20,16.11
492,492,nadterechnoye,RU,1547398800,43.62,45.34,32,96,75,2.24
493,493,iracoubo,GF,1547400221,5.48,-53.21,79.48,80,88,4.05
494,494,seoul,KR,1547398800,37.57,126.98,22.93,79,20,2.24
495,495,karasjok,NO,1547398200,69.47,25.52,19.4,85,75,4.7
496,496,vestmanna,FO,1547398200,62.16,-7.17,30.2,74,88,16.11
497,497,visby,SE,1547398200,57.64,18.3,32,100,90,3.36
498,498,cabra,ES,1547397000,37.47,-4.43,58.06,38,0,2.24
499,499,launceston,AU,1547398800,-41.43,147.14,50,87,8,2.59
500,500,aguilas,ES,1547395200,37.41,-1.58,62.6,33,0,5.82
501,501,petropavlovsk-kamchatskiy,RU,1547398800,53.05,158.65,5,77,24,11.18
502,502,katsiveli,,,,,,,,
503,503,karkaralinsk,,,,,,,,
504,504,kotka,FI,1547398200,60.47,26.95,21.2,100,90,4.7
505,505,trairi,BR,1547400224,-3.28,-39.27,78.35,100,8,3.49
506,506,tamandare,BR,1547400224,-8.28,-70.75,82.85,84,68,2.59
507,507,sorkjosen,,,,,,,,
508,508,tartagal,AR,1547398800,-22.52,-63.8,80.6,74,75,3.38
509,509,porosozero,RU,1547400224,62.72,32.71,15.53,81,44,5.61
510,510,lompoc,US,1547398560,34.64,-120.46,46.47,83,75,11.77
511,511,ternate,PH,1547398800,14.29,120.72,77,83,20,2.24
512,512,woodstock,CA,1547398020,43.13,-80.75,21.09,73,40,19.46
513,513,lismore,AU,1547398980,-28.81,153.28,63.86,87,92,3.27
514,514,inhambane,MZ,1547398800,-23.87,35.38,84.2,89,20,9.17
515,515,susangerd,IR,1547398800,31.56,48.19,57.2,82,90,2.24
516,516,pingyin,CN,1547400226,36.28,116.45,23.05,71,44,2.71
517,517,udhampur,IN,1547400226,32.92,75.13,27.41,69,0,2.15
518,518,yirol,,,,,,,,
519,519,adrar,DZ,1547395200,27.87,-0.29,60.8,26,0,17.22
520,520,doctor pedro p. pena,,,,,,,,
521,521,kalmunai,LK,1547400227,7.42,81.82,74.71,100,92,5.84
522,522,ambulu,ID,1547400227,-8.35,113.61,77.09,100,76,1.48
523,523,wanlaweyn,SO,1547400124,2.62,44.89,83.53,55,20,12.21
524,524,greeley,US,1547398500,41.55,-98.53,29.35,81,90,9.17
525,525,ozgon,,,,,,,,
526,526,tateyama,JP,1547400228,36.66,137.31,23.63,100,36,1.81
527,527,nyurba,RU,1547400228,63.29,118.35,-19.03,28,24,3.94
528,528,oktyabrskoye,RU,1547398800,56.73,85.44,5,77,0,8.95
529,529,sisimiut,GL,1547400229,66.94,-53.67,-26.59,100,0,1.36
530,530,wanning,AT,1547398200,48.64,13.53,37.4,93,75,18.34
531,531,rewa,IN,1547400229,24.54,81.29,57.65,91,0,2.93
532,532,raga,,,,,,,,
533,533,gravdal,NO,1547398200,59.79,5.78,35.6,64,40,27.51
534,534,margate,AU,1547398800,-43.03,147.26,57.2,82,0,9.17
535,535,kuvandyk,RU,1547400233,51.48,57.35,25.79,95,92,7.85
536,536,bafq,IR,1547400233,31.6,55.4,44.11,61,8,7.52
537,537,ossora,RU,1547400234,59.24,163.07,1.94,88,20,3.94
538,538,uyuni,BO,1547400234,-20.46,-66.82,60.85,53,44,6.85
539,539,taoudenni,ML,1547400123,22.68,-3.98,60.4,20,0,11.1
540,540,bonga,ET,1547400234,7.26,36.25,59.95,57,0,1.59
541,541,tommot,RU,1547400234,58.97,126.27,-11.88,72,56,2.71
542,542,novo aripuana,BR,1547400235,-5.12,-60.38,72.5,100,92,2.93
543,543,huarmey,PE,1547400235,-10.07,-78.15,78.26,61,0,5.28
544,544,saint-joseph,FR,1547398800,43.56,6.97,51.39,81,0,2.24
545,545,turukhansk,RU,1547400235,65.8,87.96,-11.02,73,48,20.27
546,546,kokopo,PG,1547400236,-4.34,152.27,78.08,100,68,1.92
547,547,abrego,CO,1547400236,8.08,-73.22,70.75,68,68,0.36
548,548,kuroiso,JP,1547400236,36.97,140.05,12.25,63,44,2.04
549,549,teknaf,BD,1547400236,20.86,92.31,57.92,92,0,3.83
550,550,kashi,,,,,,,,
551,551,maragogi,BR,1547400237,-9.01,-35.22,84.25,75,36,10.42
552,552,lukulu,ZM,1547400237,-14.38,23.24,76.64,70,88,2.93
553,553,abu jubayhah,,,,,,,,
554,554,villaviciosa,ES,1547398800,43.48,-5.43,48.2,81,20,4.7
555,555,cleveland,US,1547398560,41.51,-81.69,30.22,60,1,12.75
556,556,valparaiso,US,1547398560,41.47,-87.06,28.2,66,90,9.17
557,557,port macquarie,AU,1547398800,-31.43,152.91,66.2,93,92,3.36
558,558,sinop,TR,1547398200,42.03,35.15,41,86,90,3.36
559,559,vila franca do campo,PT,1547397000,37.72,-25.43,62.6,63,20,12.75
560,560,smithers,CA,1547395200,54.78,-127.17,33.8,100,75,3.36
561,561,terenos,BR,1547398800,-20.44,-54.87,87.8,52,40,9.17
562,562,atar,MR,1547400239,20.52,-13.05,80.69,8,0,7.96
563,563,brookline,US,1547398560,42.33,-71.12,23.29,56,0,3.36
564,564,kaeo,NZ,1547400116,-35.1,173.78,58.06,92,8,7.4
565,565,finschhafen,PG,1547400240,-6.6,147.85,72.14,99,92,2.15
566,566,moura,PT,1547395200,38.14,-7.45,60.8,36,0,1.12
567,567,tulun,RU,1547400240,54.56,100.58,-11.83,74,0,3.27
568,568,vrede,ZA,1547400241,-27.43,29.16,70.7,29,12,5.73
569,569,pajapan,MX,1547398440,18.26,-94.69,73.4,88,90,6.96
570,570,bilibino,RU,1547400106,68.06,166.44,-38.25,0,12,2.37
571,571,bandar-e torkaman,,,,,,,,
572,572,luoyang,CN,1547400241,34.66,112.42,23.72,73,44,2.71
573,573,katherine,AU,1547398800,-14.47,132.26,77,88,76,4.38
574,574,sawtell,AU,1547398800,-30.38,153.1,66.2,93,40,0.92
575,575,puerto carreno,CO,1547398800,6.19,-67.49,87.8,55,40,9.17
576,576,halifax,CA,1547398800,44.65,-63.58,19.4,67,20,10.29
577,577,salalah,OM,1547398200,17.01,54.1,77,61,75,2.24
578,578,manakara,MG,1547400242,-22.14,48.01,80.42,91,64,13
579,579,kualakapuas,ID,1547395200,-3.01,114.39,75.2,94,90,6.93
580,580,dimovo,BG,1547398800,41.54,24.62,32.95,93,90,3.36
581,581,wladyslawowo,PL,1547398800,54.79,18.4,37.4,100,75,14.99
582,582,myrtle beach,US,1547399700,33.7,-78.89,41.72,95,90,10.29
583,583,tevriz,RU,1547400244,57.51,72.4,22.78,82,88,11.21
584,584,juegang,CN,1547400244,32.31,121.18,33.62,100,0,4.61
585,585,kastrakion,GR,1547398200,39.72,21.62,35.49,97,40,1.36
586,586,chagda,,,,,,,,
587,587,faya,SA,1547398800,18.39,42.45,60.8,72,0,6.93
588,588,vao,EE,1547400111,59.1,26.19,26.96,98,88,7.63
589,589,torrington,US,1547398500,42.06,-104.18,28.13,70,1,4.7
590,590,porto murtinho,BR,1547400245,-21.7,-57.88,92.39,63,0,11.32
591,591,westport,IE,1547398800,53.8,-9.52,44.6,87,75,17.22
592,592,umm lajj,SA,1547400246,25.02,37.27,68.86,95,76,11.65
593,593,den helder,NL,1547398500,52.96,4.76,48.83,87,40,25.28
594,594,navahrudak,BY,1547400246,53.59,25.82,35.2,97,88,14.56
595,595,englewood,US,1547398440,39.65,-104.99,27.39,77,20,3.49
596,596,arlit,NE,1547400247,18.74,7.39,64,42,0,4.61
597,597,itanagar,IN,1547400247,27.1,93.63,48.02,74,0,3.38
598,598,kamaishi,JP,1547400248,39.28,141.86,20.03,96,0,3.83
599,599,muros,ES,1547398800,42.77,-9.06,50.07,87,20,8.05
600,600,isangel,VU,1547400248,-19.55,169.27,78.13,100,68,5.61
601,601,lakes entrance,AU,1547400248,-37.88,147.99,70.93,80,0,10.65
602,602,cedar city,US,1547398380,37.68,-113.06,24.98,84,90,4.7
603,603,port blair,IN,1547400249,11.67,92.75,83.21,98,0,11.32
604,604,bose,IT,1547398200,45.46,8.01,42.94,61,0,2.24
605,605,bernal,AR,1547398800,-34.72,-58.3,73.38,88,40,8.05
606,606,yeppoon,AU,1547398800,-23.13,150.74,73.4,73,90,8.05
607,607,ilhabela,BR,1547400250,-23.78,-45.36,81.68,99,8,10.31
608,608,byron bay,AU,1547398980,-28.65,153.62,65.75,100,92,5.82
609,609,vermillion,US,1547398560,42.78,-96.93,29.79,88,90,5.82
610,610,sao joao da barra,BR,1547398800,-21.64,-41.05,87.8,52,20,16.11
611,611,najran,SA,1547398800,17.54,44.22,71.6,26,0,4.7
612,612,nadym,RU,1547400251,65.53,72.51,9.41,76,76,12.55
613,613,luganville,VU,1547400251,-15.51,167.18,80.83,100,8,5.73
614,614,panacan,PH,1547395200,7.15,125.66,75.2,100,75,4.7
